{
  "unAuthorized": "User is not Authorized",
  "songNameEmptyMessage": "Songname is required",
  "movieNameEmptyMessage": "Moviename is required",
  "artistNameEmptyMessage": "ArtistName is required",
  "pathEmptyMessage": "Path is required",
  "songSavedMessage": "Song Saved",
  "getSongs": "Get Songs Succesfully",
  "songsUpdatedMessage": "Song Updated Successfully",
  "getSongsById": "Get Songs by id succesfully",
  "deleteSongsById": "delete songs successfully",
  "deleteGenreById": "delete genre successfully",
  "getGenreById": "Get genre by id successfully",
  "getGenre": "Get genre successfully",
  "genreSavedMessage": "Genre saved successfully",
  "genreUpdatedMessage": "Genre updated successfully"

}
